permno,start,ending
10006,01mar1957,18jul1984
10030,01mar1957,08jan1969
10049,31dec1925,01oct1932
10057,01mar1957,02jul1992
10078,20aug1992,28jan2010
10102,01mar1957,05feb1975
10104,03aug1989,31dec2018
10107,07jun1994,31dec2018
10108,22jul2002,11aug2005
10137,31dec1925,30jun1976
10137,11dec2000,25feb2011
10138,13oct1999,31dec2018
10145,31dec1925,31dec2018
10147,28mar1996,07sep2016
10153,31dec1925,07jun1944
10153,01mar1957,13mar1963
10153,30jun1977,08jul1987
10161,01mar1957,12nov1993
10196,07jun1944,26feb1947
10209,01mar1957,16oct1963
10225,31dec1925,30apr2014
10233,31dec1925,28mar1933
10233,01mar1957,10jul1957
10233,21aug1957,25mar1959
10233,15may1969,08jan1986
10241,31dec1925,21dec1988
10276,01mar1957,28feb1973
10292,01mar1957,26sep1962
10299,03apr2000,10mar2017
10321,01mar1957,05aug1987
10324,14dec2001,01apr2011
10353,01oct1999,11may2001
10364,31dec1925,26oct1999
10372,31dec1925,20aug1941
10372,26feb1947,27apr1988
10401,01mar1957,18nov2005
10436,01mar1957,23jun1971
10452,31dec1925,07jun1944
10479,31dec1925,20aug1941
10479,01mar1957,28feb1973
10479,02mar1978,15feb1984
10487,01mar1957,07may1986
10495,31dec1925,30jun1950
10495,01mar1957,19jan1977
10516,01mar1957,22apr1970
10516,30jul1981,31dec2018
10524,31dec1925,13jan1971
10559,01mar1957,08oct1986
10562,01jul2004,29jan2009
10575,31dec1925,20aug1968
10591,31dec1925,28jun1967
10604,01mar1957,17apr2000
10623,23apr1987,13apr1988
10693,07jan1997,20mar2003
10696,02apr2001,31dec2018
10725,19jun2000,31aug2004
10727,01mar1957,24jun1970
10735,01mar1957,17jan1968
10751,01mar1957,02feb1983
10778,01mar1957,24sep1958
10786,31dec1925,08dec2000
10791,18jan1994,20jun2000
10807,31dec1925,20apr1954
10807,01mar1957,20oct1965
10823,24aug1928,06sep1951
10823,01mar1957,30nov1983
10831,31dec1925,24aug1928
10858,31dec1925,15apr1940
10866,01mar1957,19jul1996
10874,01mar1973,20jun2008
10890,31dec1925,20aug1941
10890,20apr1954,10nov2008
10909,30apr2010,31dec2018
10942,27oct1999,31jan2007
10970,03jul1950,13feb1980
10989,01mar1957,02oct2000
11033,21jun1961,08may1968
11041,31dec1925,22jun1953
11041,22oct1964,30jun1976
11042,01apr1996,14may2002
11068,01mar1957,12aug1970
11081,06sep1996,28oct2013
11092,01mar1957,03mar1976
11148,15apr1939,22jun1953
11148,04jun1958,03jul1968
11156,31dec1925,05nov1980
11164,01mar1957,17dec1986
11199,31dec1925,15apr1939
11260,26nov1928,12nov1998
11287,31dec1925,20aug1941
11287,01mar1957,06jan1965
11295,01mar1957,22jan1986
11308,01mar1957,31dec2018
11332,30nov1967,22apr1970
11332,24oct1985,08jun1988
11340,31dec1925,01nov2000
11359,01mar1957,07feb1962
11367,20apr1954,20aug1968
11375,01mar1957,03feb1960
11375,14mar1963,16jul1968
11391,01mar1957,17jan1968
11403,18sep2017,31dec2018
11404,31dec1925,31dec2018
11415,27feb2006,22dec2008
11439,01mar1957,28sep1966
11447,01mar1957,03oct1984
11471,01mar1957,14oct1981
11527,01mar1957,10sep1968
11543,01mar1957,18aug1971
11552,06nov2006,31dec2018
11600,14nov2008,31dec2018
11607,01mar1957,02mar2006
11618,15sep2008,31dec2018
11626,01jul1993,20sep1994
11658,01mar1957,07feb1979
11666,31dec1925,22jun1953
11674,31dec1925,31dec2018
11682,31dec1925,23nov1928
11690,01mar1957,19aug1987
11703,01mar1957,31aug2017
11746,27jun1963,14nov1973
11754,31dec1925,17dec2010
11762,01mar1957,31dec2018
11770,01mar1957,26jun1963
11786,19mar2018,31dec2018
11789,16nov1931,06jul1949
11826,31dec1925,07jun1944
11826,01mar1957,24jun1970
11834,07jun1944,04jun1958
11850,31dec1925,31dec2018
11891,26jul2017,31dec2018
11896,10may2000,26sep2007
11896,03dec2018,31dec2018
11949,01mar1957,30may1973
11955,17jul1998,31dec2018
11970,01jun2000,14feb2007
11976,01oct1998,10sep2013
11981,01mar1957,13sep1972
11983,31jan2000,12nov2003
11997,13dec1993,18nov2002
12044,01mar1957,24jun1970
12052,01mar1957,31dec2018
12060,31dec1925,30jun1950
12060,01mar1957,31dec2018
12062,01nov2004,31dec2018
12067,19jun2000,04jun2012
12073,13nov2008,31dec2018
12076,29jul2015,16mar2018
12079,31dec1925,02jun2009
12095,01mar1957,06oct1998
12124,01mar1957,01aug1973
12140,01mar1957,30jul2012
12167,01mar1957,10dec1975
12183,31dec1925,04mar1970
12191,01mar1957,15jan1968
12212,01mar1957,28dec1960
12220,01mar1957,04jun1958
12298,15apr1940,07jun1944
12308,08sep2016,31dec2018
12319,01mar1957,14dec2001
12343,01mar1957,27may1959
12343,16jan1964,13aug1975
12345,05sep2012,31dec2018
12369,07jun2013,31dec2018
12394,31dec1925,22mar1963
12431,01mar1957,30jun2009
12431,17nov2010,31dec2018
12449,20jun2018,31dec2018
12456,04jan2011,24may2012
12458,01mar1957,30jun1998
12466,01mar1957,23aug1978
12474,31dec1925,15apr1940
12490,01mar1957,31dec2018
12503,31dec1925,19dec2006
12511,01mar1957,06jan1965
12511,06feb1975,17oct2000
12542,09jul2013,31dec2018
12546,31dec1925,19jul2002
12558,25may2012,31dec2018
12570,31dec1925,20aug1941
12570,01mar1957,31oct2011
12618,01mar1957,03jul1957
12622,27jan2015,31dec2018
12623,03jan2018,31dec2018
12626,01mar1957,21nov1984
12650,04jun1958,30jun1976
12650,05apr1999,12jul2000
12650,24may2013,31dec2018
12669,01mar1957,15oct1975
12706,31dec1925,24jun1981
12730,03jul1950,26sep1980
12749,31dec1925,07jun1944
12749,01mar1957,16jan2002
12757,01mar1957,04dec1963
12781,01mar1957,30jun1976
12810,31dec1925,20aug1941
12837,01mar1957,27aug1980
12872,01jul2011,31dec2018
12888,20aug1941,11dec1990
12896,01mar1957,10dec1968
12909,31dec1925,23jun1971
12933,31dec1925,07jun1944
12933,01mar1984,04jun1986
12941,01mar1957,17may1967
12976,01mar1957,16jul1986
12981,24jun2016,31dec2018
13004,01mar1957,08feb1961
13012,01mar1957,08dec1971
13035,01nov2011,31dec2018
13056,05oct1989,30apr2004
13063,01mar1957,30jun1976
13100,07jun1944,29aug2005
13103,24dec2012,31dec2018
13119,14dec1960,31mar2006
13135,01mar1957,15jan1964
13141,03jan2012,21mar2014
13142,13nov2013,31dec2018
13143,28mar1933,01mar1957
13143,25oct1961,16jun1980
13151,01mar1957,22jun1960
13168,21dec2011,31dec2018
13207,01mar1945,22jun1953
13207,01mar1957,04jun1958
13274,01mar1957,22jan1964
13290,01mar1957,02may1979
13303,01mar1957,03jan1994
13311,31dec1925,08may1974
13311,03nov1977,02jul1981
13354,01mar1957,30sep1993
13356,01may2012,31dec2018
13362,31dec1925,07jun1944
13370,01mar1957,10dec1958
13370,25feb1959,22apr1970
13389,01mar1957,23apr1958
13407,23dec2013,31dec2018
13434,31dec1925,31jan1968
13442,31dec1925,21oct1964
13522,31dec1925,28feb1945
13522,04jun1958,02jun1982
13549,31dec1925,16jul1947
13565,31dec1925,20aug1941
13565,01mar1957,16aug1961
13567,01oct2012,02may2016
13573,31dec1925,04mar1970
13586,01oct2012,31dec2018
13598,02oct2012,02jul2015
13610,01mar1957,05feb1975
13637,01mar1957,14jan1976
13641,03dec2018,31dec2018
13661,01mar1957,25mar1987
13688,31dec1925,31dec2018
13696,31dec1925,07jun1944
13696,01mar1957,17oct1962
13721,02jan2013,31dec2018
13760,13oct2017,31dec2018
13788,24jun2013,31dec2018
13792,31dec1925,27sep1972
13805,01mar1957,16jun1965
13821,31dec1925,04jan1930
13821,15apr1940,21feb2007
13856,01mar1957,31dec2018
13864,20aug1941,07jun1944
13901,01mar1957,31dec2018
13911,29aug2017,31dec2018
13928,01mar1957,31dec2018
13936,14feb2013,31dec2018
13963,01jul2013,31dec2018
13964,21sep2015,31dec2018
13983,03oct2016,31dec2018
14008,02jan1992,31dec2018
14011,19aug2014,25jul2017
14058,31dec1925,07jul1948
14066,31dec1925,20apr1954
14066,01mar1957,19nov1980
14090,31dec1925,11jun1986
14154,31dec1925,04jun1958
14154,08jul1968,27sep1972
14189,01mar1957,18jul1984
14218,31dec1925,20apr1954
14218,01mar1957,08feb1989
14250,31dec1925,09sep1981
14277,01mar1957,31jan1962
14277,04mar1965,31dec2018
14295,07jun2018,31dec2018
14297,02dec2013,31dec2018
14314,01mar1957,11jun1958
14322,31dec1925,24mar2005
14323,23nov1984,29sep2006
14338,19jun2017,31dec2018
14357,01mar1957,12jun1985
14402,14mar1963,07feb1979
14429,01mar1957,05mar1969
14461,23apr1970,08dec1976
14488,01mar1957,19jul1967
14496,31dec1925,28dec1983
14509,31dec1925,02jun1982
14525,01mar1957,17sep1986
14533,31dec1925,29jul1981
14541,31dec1925,31dec2018
14542,03apr2014,31dec2018
14568,31dec1925,06feb1930
14568,16nov1931,20aug1941
14568,07jun1944,28feb1945
14592,01mar1957,24feb1988
14593,18nov1982,31dec2018
14601,01may2014,04jun2018
14605,31dec1925,20aug1941
14613,01mar1957,22apr1964
14656,06mar1969,04oct2012
14664,01mar1957,01jun1966
14699,12mar1958,09apr1958
14702,16mar1995,31dec2018
14704,02jun2017,31dec2018
14714,28aug2018,31dec2018
14728,23mar1960,12jun1963
14736,31dec1925,09oct2001
14760,01mar1957,13sep1972
14760,11apr1974,28oct1981
14776,18nov2015,31dec2018
14779,01mar1957,16jan1963
14795,31dec1925,30jun1950
14795,20feb1964,06aug2001
14816,01mar1957,21aug1957
14832,01mar1957,26oct1960
14859,31dec1925,24jun1981
14867,01mar1957,27may1959
14867,30sep1965,30may1973
14875,20aug1941,01mar1957
14883,01mar1957,30apr1999
14889,01feb2016,31dec2018
14891,01mar1957,10aug2005
14904,31dec1925,15jul1969
14912,31dec1925,25sep1985
14939,06nov2018,31dec2018
14955,31dec1925,20aug1941
15042,22jul1929,20aug1941
15042,01mar1957,12feb1969
15069,31dec1925,31dec2018
15077,09apr1987,05jan2009
15085,01mar1957,09apr1958
15149,01mar1957,14dec1960
15149,14mar1963,30aug1967
15157,01mar1957,06aug1968
15165,01mar1957,04dec1963
15202,01jul1999,31dec2018
15237,01mar1957,19jan1972
15317,04jun1958,14dec1966
15325,31dec1925,07jun1944
15341,31dec1925,11jun1968
15368,03jul1950,04may2000
15401,01jul2015,02jun2016
15404,02jul2015,05jul2016
15408,06jul2015,31dec2018
15448,01mar1957,17may1967
15456,31dec1925,31dec1998
15456,04apr2016,31dec2018
15464,01mar1957,29nov1967
15472,01mar1957,06oct2008
15480,01mar1957,30oct1963
15488,20jul2015,31dec2018
15499,01mar1957,28may1969
15528,01mar1957,16jun1965
15536,01mar1957,31jan1968
15544,01mar1957,29jan1964
15544,07nov1968,13aug1975
15553,13dec2011,30jun2016
15560,01mar1973,30jun2011
15579,25mar1959,31dec2018
15659,31dec1925,06feb2001
15667,01mar1957,15oct2009
15704,31dec1925,06sep1951
15707,02nov2015,31dec2018
15712,01jul1982,17dec1986
15719,10nov2015,10nov2015
15720,31dec1925,31dec2018
15747,20jan1972,12jul1993
15763,01mar1957,09oct1985
15797,30nov2015,03apr2018
15819,01mar1957,10sep1968
15835,01mar1957,23jul1968
15843,01mar1957,30may1973
15915,01mar1957,18may1977
15966,01mar1957,30nov1999
15974,01mar1957,10sep1968
15980,08apr2016,31dec2018
16029,07nov1968,17nov1982
16044,16may2016,16may2016
16087,05jul2016,31dec2018
16088,14jan1982,07may1986
16109,31dec1925,06nov1985
16176,31dec1925,01aug1929
16205,01mar1957,04oct1967
16256,01mar1957,15dec1965
16267,07sep2016,07sep2016
16276,03oct2016,03oct2016
16279,03oct2016,03oct2016
16280,28sep1967,14nov1973
16336,01mar1973,20oct1982
16342,31oct2016,31oct2016
16343,01nov2016,01nov2016
16344,01mar1957,22jun1966
16346,01nov2016,01nov2016
16347,01nov2016,01nov2016
16360,19may1977,04jan1989
16424,26oct1960,30sep2005
16431,10nov2016,10nov2016
16431,03dec2018,31dec2018
16432,31dec1925,31dec2018
16538,17jan2017,31dec2018
16544,02feb2017,02feb2017
16571,01mar1957,20dec1994
16598,01mar1957,17jun1981
16600,01mar1957,31dec2018
16619,01mar1957,08may1974
16651,01mar1957,09dec1987
16678,01mar1957,31dec2018
16686,01mar1957,23jul1968
16707,20aug1941,15sep1982
16723,01mar1957,06nov1968
16731,01mar1957,02nov1977
16758,01mar1957,10jan1979
16803,01mar1957,08may1985
16816,07aug2017,31dec2018
16851,01sep2017,31dec2018
16870,01mar1957,29jun1998
16926,01mar1957,10jan1962
16969,01mar1957,15oct1975
17005,01mar1957,31dec2018
17013,01mar1957,03nov1965
17048,01mar1957,12jul1967
17056,01mar1957,16jan1963
17064,01mar1957,26apr1961
17099,01mar1957,07jun1961
17128,03oct1932,20aug1941
17128,01mar1957,07may1986
17137,08apr1982,31oct1995
17144,01mar1957,13mar1963
17144,13feb1969,31dec2018
17216,01mar1957,13jul1960
17232,20aug1941,30jun1950
17232,01mar1957,19jul1967
17267,13jul1967,18may1977
17278,13sep1983,26sep1994
17279,11jun2008,11jun2015
17291,01mar1957,26nov1986
17304,01mar1957,07jan1987
17312,01mar1957,02sep1964
17340,11dec1980,08feb1989
17398,01mar1957,25apr1962
17419,20aug1941,07jun1944
17435,23apr1970,11apr1984
17451,01mar1957,28jun1967
17478,01mar1957,31dec2018
17486,01mar1957,02aug1961
17515,01mar1957,22may1968
17558,01mar1957,27jul1979
17566,01mar1957,23nov1998
17582,01mar1957,28aug1963
17590,01mar1957,05aug1987
17603,01mar1957,26oct1960
17646,01mar1957,24jun1981
17654,01mar1957,27sep1967
17676,01may2018,01may2018
17689,01mar1957,15jan1964
17718,01mar1957,03apr1968
17726,01mar1957,08dec2000
17742,01mar1957,24feb1960
17750,01mar1957,31dec2018
17783,09may2018,09may2018
17806,01mar1957,19mar2007
17830,01mar1957,31dec2018
17849,07jun1944,26feb1947
17881,01mar1957,30jan1963
17929,01aug1929,06sep1951
17953,01mar1957,23apr1986
17961,04apr1968,02apr2001
18016,01mar1957,13nov2008
18032,01mar1957,12dec1995
18065,01oct2018,01oct2018
18067,01mar1957,30nov1995
18091,01mar1957,22apr1970
18092,23aug1990,11jul2007
18112,01mar1957,28jan2000
18142,29oct2018,29oct2018
18147,01mar1957,09apr1999
18163,01mar1957,31dec2018
18171,01mar1957,01apr1959
18198,20aug1941,07jun1944
18278,01mar1957,04dec1990
18315,01mar1957,15sep1982
18331,24sep1958,03may1978
18366,01mar1957,20sep1961
18374,02jan1958,01dec1999
18382,03jul1950,15apr2003
18390,21jun1961,06nov1968
18403,01mar1957,29nov2013
18411,07jun1944,31dec2018
18446,01mar1957,19may1995
18454,01mar1957,09aug1961
18542,20aug1941,20apr1954
18542,01mar1957,31dec2018
18550,01mar1957,04may1988
18551,13feb1991,06jan1997
18569,01mar1957,04may1988
18585,01mar1957,14dec1960
18649,03jul1957,19jan1996
18681,01mar1957,13mar1963
18681,20feb1964,11dec2002
18729,01mar1957,31dec2018
18825,01mar1957,14jan1976
18841,01mar1957,03apr1968
18868,07jun1944,26feb1947
18884,01mar1957,16jun1982
18921,01mar1957,04may2000
18948,01mar1957,06dec1996
18980,01mar1957,30jun1976
18999,01mar1957,15dec1989
19019,07jun1944,30jun1950
19019,01mar1957,12sep1983
19027,07jun1944,25feb1987
19051,01mar1979,21jul1999
19107,01mar1957,19feb1964
19131,20aug1941,07feb1992
19166,20feb1964,31dec2001
19166,19aug2009,31dec2018
19174,01mar1957,18aug1971
19203,20aug1941,26feb1947
19203,01mar1957,26apr1967
19211,01mar1957,06nov1968
19238,01mar1957,17apr1985
19254,01mar1957,30sep1998
19270,01mar1957,12apr1967
19297,01mar1957,23jun1982
19334,01mar1957,01oct1980
19350,01mar1957,31dec2018
19377,01mar1957,30jun1998
19385,07jun1944,10sep1968
19393,01mar1957,31dec2018
19414,05oct1967,29feb1984
19430,01mar1957,30may1973
19502,11oct1979,31dec2018
19510,01mar1957,13sep1972
19537,31dec1925,19sep1991
19553,01mar1957,31dec1998
19561,01mar1957,31dec2018
19589,22may1991,17aug1995
19596,20aug1941,12jul1994
19617,01mar1957,30jun1976
19625,01mar1957,21jun1961
19668,01mar1957,06jan1965
19684,01mar1957,06aug1969
19692,01mar1957,16nov2000
19713,01mar1957,15aug1984
19721,24aug1989,15aug1996
19756,01mar1957,14jan1976
19764,01mar1957,03nov1965
19764,06jan1966,18mar1970
19772,01mar1957,18may1966
19828,01mar1957,08nov1967
19836,01mar1957,21jun1961
19844,01mar1957,17may1967
19879,04dec1957,19jul1978
19887,01mar1957,06oct1982
19895,01mar1957,29jan2002
19916,01mar1957,08dec2000
19932,01mar1957,06aug1968
19940,01mar1957,09apr1980
19959,01mar1957,09apr1958
19967,01mar1957,24oct1962
20001,01mar1957,18nov1970
20036,01mar1957,21feb1967
20053,28nov1997,31dec2007
20079,01mar1957,21may1991
20095,01mar1957,08dec1976
20108,01mar1957,19jun1957
20124,01mar1957,28mar2003
20167,01mar1957,16jan1980
20204,01mar1957,17dec2004
20220,15jan1976,12mar2010
20239,01mar1957,30nov1983
20263,01mar1957,08may1985
20298,01mar1957,13may1964
20343,18jul1968,13apr1988
20386,01mar1957,16may1984
20394,01mar1973,30sep1996
20407,01mar1957,31aug1983
20415,06sep1961,18sep1963
20415,03jul1969,30jun1976
20415,27aug2007,31dec2018
20431,01mar1957,02jul1969
20474,13oct1966,08may1974
20482,01mar1957,31dec2018
20503,19jun1957,29sep1965
20511,01mar1957,13jan1965
20554,01mar1957,09apr1958
20562,01mar1957,15mar1995
20570,01mar1957,07may1986
20626,20apr1954,31aug2017
20650,01mar1957,12mar1958
20677,01mar1957,09sep1987
20714,01mar1957,19feb1964
20730,01mar1957,24nov1995
20810,01mar1957,31dec1957
20853,20aug1941,20oct2000
20896,21aug1957,06jul1983
20909,09apr1958,01oct1986
20976,01mar1957,30jun1976
20984,01mar1957,09jan1991
20992,09apr1958,05feb1975
21004,01mar1957,30jun2000
21020,07jun1944,13mar2003
21020,23mar2015,31dec2018
21055,01mar1957,30sep1994
21119,01mar1957,06may1987
21151,01mar1957,14dec1960
21178,01mar1957,10dec1975
21178,19jul1984,31dec2018
21186,01mar1957,31dec2018
21194,23apr1958,30jun1976
21207,15may1969,31dec2018
21223,04jun1958,16dec1959
21231,01mar1957,30jun1976
21266,09apr1958,19jul1967
21274,27apr1967,15apr1994
21282,01mar1973,30jun1976
21290,01mar1957,29jan1964
21290,05mar1987,28jun1989
21303,01mar1957,18jul1984
21338,23jan1964,14nov1973
21346,01mar1957,04oct1978
21370,01mar1945,30jun1976
21371,27may1997,31dec2018
21397,23apr1970,16jun2000
21418,01mar1957,10sep1968
21426,01mar1957,06dec1961
21434,01mar1957,10sep1968
21450,15oct1981,01jul1987
21469,04jun1958,14dec1966
21485,15jan1976,26jul1989
21514,01mar1957,25oct1999
21522,01mar1957,22oct1986
21530,01mar1957,22apr1970
21549,01mar1957,04sep1963
21557,01mar1957,24jun1987
21573,31dec1925,31dec2018
21645,01mar1957,12feb1965
21688,01mar1957,25feb1959
21709,11jan1961,03oct1984
21768,01mar1957,20jun1984
21776,07jun1944,31dec2018
21784,01mar1957,20apr1960
21792,25jul1985,31dec2018
21821,01mar1957,28jan2000
21872,01mar1957,21aug1957
21901,01mar1957,06jan1965
21928,15dec1966,30jun1976
21936,01mar1957,31dec2018
21979,01mar1957,08sep2009
21979,23nov2011,30nov2012
21995,01mar1957,04jun1958
21995,24nov1978,31jul1985
22007,01mar1957,02may1979
22015,01mar1957,08feb1961
22023,01mar1957,02jul1992
22032,20dec2004,06sep2007
22066,04dec1986,30nov2001
22074,01mar1957,16jun1965
22082,01mar1957,18jun1997
22103,07jan1965,31dec2018
22111,31may1973,31dec2018
22138,05mar1970,30jun1976
22170,21aug1957,25mar1959
22170,02jul1987,15jun1988
22189,13aug1970,30jun1976
22218,04jun1958,14dec1966
22218,01feb1968,30jun1976
22242,01mar1957,25may1966
22250,03may1979,26may1995
22293,01mar1957,31dec2018
22306,01mar1957,13oct1965
22330,01mar1957,05mar1969
22365,31oct1963,03mar1965
22381,01mar1957,04sep1963
22402,23jun1953,18feb1972
22410,04jun1958,14dec1966
22410,29jun1967,05nov1980
22429,01mar1957,30may1973
22461,01mar1957,22apr1970
22488,01mar1957,10apr1974
22496,01mar1957,30jun1976
22496,22jun1999,30nov2000
22509,01mar1957,31dec2018
22517,27nov1995,31dec2018
22533,14dec1960,25jul1979
22541,01mar1957,30jun1976
22541,09feb1995,06nov2001
22568,07aug1969,05oct1988
22592,01mar1957,31dec2018
22613,15dec1966,30jun1976
22613,03nov1998,18aug2000
22621,01mar1957,29jul1959
22648,01mar1957,29feb1984
22680,20apr1954,28jun2000
22699,01mar1957,16jun1965
22728,01mar1957,13nov1985
22752,01mar1957,31dec2018
22753,12feb1987,07apr1998
22760,01mar1957,13jul1988
22779,01mar1957,31dec2018
22787,01mar1957,18mar1970
22808,01mar1957,17jan1968
22840,10sep1981,28jun2012
22859,26feb1947,30jun1976
22875,01mar1957,14feb1962
22891,01mar1957,08dec1976
22891,17jun1982,13aug1998
22920,31jan1963,28feb1973
22939,12sep1968,14may1969
22947,26feb1947,30jun1976
22947,25oct1994,31mar2006
23018,01mar1957,16oct1974
23026,10jul1957,31dec2018
23050,01mar1957,30jun1982
23077,01mar1957,06jun2013
23085,02jan2009,31dec2018
23114,24aug1989,29jun2012
23130,22jun1953,04jun1958
23130,16dec1959,10dec1980
23165,01mar1957,23mar1960
23173,01mar1957,04dec1957
23210,16jul1947,30jun1976
23229,26feb1947,30jun1976
23229,03may1999,31dec2018
23237,01mar1957,16dec1970
23253,01feb1962,16oct1974
23253,21oct1982,13aug1990
23288,14mar1963,15jul1964
23296,01mar1957,17may1967
23309,23apr1970,24oct2007
23317,06sep1951,29nov2001
23318,24nov2000,19apr2006
23325,01mar1957,21nov1984
23341,01mar1957,26sep1994
23384,01mar1957,03mar1965
23393,29dec2015,31dec2018
23421,03jul1950,11may1988
23448,01mar1957,19may1983
23456,01mar1957,17jan1968
23464,01mar1957,09dec1981
23473,18dec1997,31dec2018
23480,04jan1968,30jul1968
23499,01mar1957,30nov1983
23501,09nov2007,29mar2016
23528,01mar1957,26mar1969
23536,19feb1958,30nov1983
23536,31oct2008,31dec2018
23552,17jan1963,05apr1994
23579,17oct1963,22apr1970
23579,05oct1978,31dec2018
23587,22jun1953,27sep1972
23616,03feb1960,06sep1961
23660,01mar2001,31dec2018
23675,22jun1953,04jun1958
23683,01mar1957,11jun1975
23712,07jul1948,31dec2018
23720,01mar1957,30jun1976
23747,01mar1957,21aug1957
23800,07jan1965,08dec1976
23819,01mar1957,31dec2018
23851,01mar1957,15jun2000
23878,07jun1961,03apr1968
23886,01mar1957,30may1973
23887,27feb2001,17mar2017
23894,01mar1957,10dec1975
23907,01mar1957,19feb1964
23915,20feb1964,19dec2005
23931,06jul1949,31dec2018
23990,16sep1982,01apr2009
24002,01mar1957,30jun1976
24010,01mar1957,31dec2018
24037,01mar1957,13jan1982
24046,02sep1997,30jul2008
24053,05jun2018,31dec2018
24061,06sep1951,14dec1966
24088,01mar1957,30jun1976
24096,01mar1957,30jun1976
24109,06sep1951,31dec2018
24141,01mar1957,22may1985
24176,01mar1957,05oct1966
24184,01mar1957,31jan2002
24192,01jul1976,24oct1994
24205,01jul1976,31dec2018
24221,06jan1930,16nov1931
24221,01mar1957,13mar2012
24264,01mar1957,19jul2002
24272,03aug1989,13nov2008
24328,01mar1957,30jun1976
24328,19dec2008,12nov2018
24336,01mar1957,03mar1976
24360,21aug2000,24aug2007
24387,24feb1960,16jun1965
24459,01mar1957,28feb2017
24504,01mar1957,30jul1968
24539,01mar1957,02aug2001
24555,01mar1957,06oct1982
24563,01mar1957,09oct2007
24571,01mar1957,08dec1982
24619,01mar1957,14dec1960
24627,07jun1954,11sep1974
24627,24aug1978,29dec1982
24635,01mar1957,02nov1988
24643,01mar1957,31dec2018
24651,13jun1968,30jun1976
24678,01mar1957,20jun2000
24707,01mar1957,11apr1984
24715,04oct1984,30mar1995
24766,13jun1985,31dec2018
24803,01mar1957,02dec2004
24811,01mar1957,29sep2000
24854,01mar1957,12apr1978
24889,07feb1962,03jan1968
24942,01mar1957,31dec2018
24985,15dec1966,30jun1976
24985,20sep1991,31dec2018
24993,01mar1957,26feb1964
25005,01mar1957,27sep1996
25013,01mar1957,03nov2009
25022,08oct1987,10dec1993
25056,01mar1957,05aug1997
25072,01mar1957,30jun1976
25081,01dec1995,31dec2018
25099,22feb2007,30jun2015
25128,01mar1957,06jan1965
25136,01mar1957,19feb1958
25144,15dec1966,30jun1976
25160,07feb1985,06mar1990
25179,11jun1958,11jan1961
25187,01mar1957,25oct1961
25195,01mar1957,22sep1976
25216,26jul1979,10apr1985
25232,01mar1957,29aug2001
25232,15mar2010,31dec2018
25267,01mar1957,19jul2002
25320,01mar1957,31dec2018
25339,26oct1960,05jan1966
25371,01mar1957,12mar1996
25419,01apr1959,31dec2018
25478,16jan1964,19aug1987
25487,01may1995,31jul2006
25507,19jul1984,23jul1986
25515,19sep1963,14jan1976
25574,14dec1960,29feb1984
25582,01mar1957,13mar1963
25582,26jun1980,05nov1999
25582,22sep2008,31dec2018
25590,28sep1972,30jun1976
25611,01mar1957,05oct1966
25611,28jun1984,11dec1985
25646,01mar1957,12jul1967
25646,11feb1988,26sep1994
25662,01mar1957,15sep1982
25670,27may1959,14dec1960
25689,01mar1957,20sep1972
25697,01mar1957,16oct1974
25697,03mar1977,10mar1982
25718,14mar1963,07apr1982
25742,20apr1960,28dec1960
25769,04oct1984,10aug2006
25778,09jul1987,05nov2018
25785,01mar1957,31dec2018
25873,04nov1965,24oct1984
25902,07jan1965,30may1973
25910,28dec1960,30jun1994
25953,24oct1985,31dec2018
25988,18may1967,20nov1985
26075,29sep1966,01nov2000
26112,01feb1968,18aug2005
26120,17jan1963,09mar1983
26155,23jun1966,17mar1976
26286,23sep1976,02aug1989
26294,25mar1959,16oct1974
26294,05oct1978,17mar1994
26307,11jan1979,26dec1979
26323,29jul1959,17may1967
26332,02apr2001,26feb2004
26366,09apr1958,05may1976
26382,17jan1980,21dec2000
26382,23jun2008,01jun2011
26390,08feb1979,26jul1989
26403,01jul1976,31dec2018
26438,30jan1964,11dec2000
26446,27may1959,28oct1970
26462,23apr1970,30mar1977
26497,01jul1976,08sep1982
26518,08may1986,26oct2007
26534,19aug1971,31dec1982
26542,05oct1978,11dec1996
26550,01jul1976,29mar1996
26569,29may1969,13dec1978
26622,29aug1963,10may1989
26649,08aug1968,02aug1989
26657,10dec1958,29aug2000
26681,24apr1980,02nov1995
26710,10may1995,31dec2018
26729,14oct1965,31jul1997
26737,18oct1962,30jun1976
26737,02jan1997,28sep1999
26788,15dec1966,19oct1983
26825,26apr1961,31dec2018
26884,08may1986,24mar1999
26921,28dec1960,13mar1963
26921,12sep1968,25feb1981
27000,17jun1965,30jun1976
27027,14dec1960,09nov1988
27043,06oct1966,16oct1974
27043,12feb2007,31dec2018
27051,13apr1967,01apr1999
27086,13jul1967,28dec1990
27087,10jan1991,29sep1994
27115,17jun1965,01jul1997
27158,13jul1960,22apr1970
27174,14jan1965,24oct1984
27182,08feb1961,16jun1965
27190,14sep1972,20nov1985
27238,12sep1968,10dec1975
27263,31dec1990,28apr1998
27297,17jun1965,10aug1983
27342,21oct1965,12aug1981
27422,21dec2009,01apr2014
27430,25may1990,17jul2006
27465,08feb1961,13sep1972
27473,22jun1960,10feb1988
27510,16aug1961,09sep1981
27537,14dec1960,26jul1967
27561,31dec1925,14dec1966
27596,18jan1968,26nov1997
27617,06dec1961,19feb1964
27633,30dec1982,16jun2017
27713,17oct1974,21nov2008
27748,24jun1971,27sep1972
27749,12aug1982,31oct1991
27756,01dec2006,30jun2010
27764,18dec1989,06oct1997
27828,17oct1974,31dec2018
27836,09aug1961,08may1974
27852,18may1967,28feb1973
27879,18may1967,28feb1973
27887,14sep1972,31dec2018
27916,02aug1961,22may1968
27924,23may1968,22nov1991
27940,15dec1966,26apr1989
27959,01jul1976,31dec2018
27983,05sep1963,31dec2018
27991,04oct1999,31dec2018
28003,20sep1961,12apr1978
28089,04apr1968,22apr1970
28118,25apr1962,02jun2000
28134,10jan1962,08apr1987
28169,09dec1976,25jul1979
28177,17jun1965,30may1973
28222,11apr1985,31dec2018
28265,17jun1965,30may1973
28281,01mar1957,06dec1961
28310,06dec1961,19jul2002
28345,15aug2005,25jul2017
28353,05dec1963,12dec2001
28388,12aug2005,31dec2018
28433,10dec1981,04mar1987
28484,01mar1957,30jun1976
28484,17may1984,31dec2018
28505,18may1967,11feb1987
28513,01mar1957,14may1969
28548,25oct1962,07oct1987
28580,05sep1963,27jun1984
28804,13may2016,31dec2018
28847,18dec1986,14may2002
28994,22aug1968,24jun1970
29102,18oct2000,20mar2015
29196,05jan1989,06aug1997
29911,19may1966,19nov1980
29946,14oct1982,31dec2018
29962,01aug1968,18mar1970
29962,11aug1983,13apr1988
30067,16aug1984,27aug1998
30330,06oct1966,09feb1996
30365,19may1977,30jan1985
30382,16jul1998,06jul2007
30681,24dec1997,31dec2018
30912,22dec1988,05oct1990
30940,02oct2008,31dec2018
31536,15nov1973,09jul1998
31659,01jul1976,05apr1989
31763,20jul1967,08aug1984
32141,23apr1970,04oct1978
32205,06aug1987,15jul1998
32379,25nov1991,01jul2005
32475,14dec1978,22nov1993
32563,21sep1989,08jun1999
32707,11feb1988,30dec1999
32707,01mar2010,31dec2018
32791,22jul2005,25feb2009
32803,18jun2018,31dec2018
32870,04mar2009,31dec2018
33056,01jul1976,07apr1982
33312,23apr1970,07mar1989
33312,17jul1997,31dec1998
33785,05sep1985,22apr1996
33814,09jan1969,22oct1997
33873,12sep1968,25feb1981
34024,07nov1968,07sep1983
34032,18jun1981,31dec2018
34040,19may1966,05sep1996
34147,20nov1980,30jun1995
34550,26may1966,22apr1970
34746,08mar1996,31dec2018
34817,18apr1985,31dec2018
34833,09dec1982,31dec2018
34841,10dec1987,15aug1996
35044,28aug1998,31dec2018
35051,31dec1987,28aug2015
35166,14aug1975,23oct1985
35211,10mar1983,30dec1998
35238,14aug1990,31mar2000
35554,27feb2004,31dec2018
36003,01oct2018,31dec2018
36127,04jan1999,26feb2001
36397,06may2002,21jun2013
36468,14may1964,31dec2018
36469,09feb1989,31dec2008
36505,26jul1979,25sep1985
36978,07oct1982,17nov1998
37065,09oct1986,07oct1987
37102,26sep1985,06jun1994
37161,10oct2001,30jun2016
37284,27sep2007,28sep2018
37584,29apr1998,31dec2018
38041,14aug1975,02feb1983
38093,31may2016,31dec2018
38156,06feb1975,31dec2018
38280,24jul1986,07jun1990
38324,19mar1970,13oct1982
38404,27sep1962,18may1966
38455,25jun1970,25jun1980
38551,16oct1975,02aug1989
38578,17oct1974,02aug2004
38682,19jul1984,11dec2012
38703,01jul1976,31dec2018
38762,02nov2000,31dec2018
38850,09may1974,28jul1995
38885,09may1974,02may1979
38893,23may1985,29jan2001
38914,07jan1965,20aug1968
38914,22may1969,30mar2001
38930,23apr1970,19jun1974
38973,25mar1963,29jan1998
39087,28sep1972,30nov1983
39087,27jul1989,08jul2013
39140,07oct1982,26apr1989
39263,13jun1963,28feb1973
39271,12sep1968,26dec1984
39300,12may1988,24may1990
39335,28sep1972,30nov1983
39394,03jun1982,17dec1986
39458,12sep1968,07feb1979
39490,28jul1997,31dec2018
39538,21sep1972,05mar1975
39538,11mar1982,31dec2018
39626,27feb1964,23apr1980
39642,14sep1972,31dec2018
39669,23apr1970,07feb1990
39765,01mar1973,07mar1996
39896,06mar1969,09dec1981
39917,05dec1963,31dec2018
39992,02jun1966,18aug1982
40010,30jan1964,25sep1985
40053,15jan1976,08jun1988
40061,23feb1967,15nov2007
40125,14may1981,30nov2015
40125,04apr2017,31dec2018
40141,11dec1975,07may1986
40221,06mar1975,06may1991
40272,04mar1976,31dec2018
40301,03sep1964,30dec1987
40352,02aug1973,12feb1991
40416,18may1967,20mar2015
40432,18jul1968,03mar1971
40483,23apr1964,12jan2001
40484,23oct1997,12jan1999
40539,26sep1985,31dec2018
40635,16dec1965,31jan1995
40723,27jul1967,06feb1985
40758,16jul1964,16jul1968
40790,04mar1965,01oct1980
40838,10sep1981,27jun2001
40854,20jul1967,31jul1985
41080,07jan1965,31dec2018
41081,01jun1989,30nov1995
41160,29oct1970,02mar1977
41179,07mar1990,30jul1999
41355,07nov1985,31dec2018
41427,11may1978,05apr1989
41443,21dec1994,16nov2007
41478,06may1976,01apr1981
41486,09may1974,26oct1988
41515,15feb1965,22apr1970
41523,14may1981,12feb1986
41662,11dec1975,17dec1986
41718,01jul1976,29mar1996
41785,09may1968,20feb1974
41929,01jul1976,02dec1996
41953,17jun1965,05feb1975
42024,23apr1970,20jun2008
42075,25jul1968,10dec1975
42083,04mar1971,16nov2006
42091,31may1973,13aug1975
42104,20jul1989,09may2000
42200,09may1985,31dec2018
42235,14aug1975,25oct1978
42323,04nov1965,20jun1973
42462,08may1986,06aug1986
42526,14sep1972,30jan1985
42534,08may1986,02sep2016
42550,26feb1987,10mar1994
42569,31aug1967,22apr1970
42585,06nov2008,31dec2018
42606,04apr1968,02jul1992
42657,20jan1977,10oct1979
42753,31dec1987,22aug1990
42796,23may1968,03jan2011
42833,16mar1989,29nov1999
42877,01jul2015,31dec2018
42906,06aug1997,31dec2018
42999,12dec1985,20aug1986
43094,18jan1968,15jan1969
43123,26oct1978,01jul2015
43132,02oct1980,29feb1984
43203,08aug1968,07feb1979
43298,10sep1987,25may1988
43318,09sep1982,08jul1987
43342,14nov1985,28apr1995
43350,16sep1982,31dec2018
43449,25jun1970,31dec2018
43502,18mar1976,13may1981
43510,21sep1972,12sep1984
43553,03may1979,31dec2018
43609,20jul1967,07feb1979
43610,21sep2001,16jul2002
43633,22aug1968,21may1969
43772,20jul1978,04dec2014
43916,16oct1975,11jun1998
44062,29jun1967,11dec2000
44206,17mar2009,31dec2018
44273,15jan1976,21nov1984
44505,18jan1968,11aug1982
44601,24dec1987,31dec2018
44644,26feb1981,31dec2018
44652,30jul1979,23jun1999
44792,08nov1984,25jul1997
44951,31jan1985,30apr2012
45014,09dec1971,20dec1989
45065,13apr1978,11dec1985
45081,09nov1967,16jun1982
45225,01aug1968,20sep1972
45241,22nov2000,30jun2014
45277,04sep2001,20jun2014
45356,27jul1989,16mar2009
45356,27aug2010,31dec2018
45428,23apr1970,29jan1986
45495,10jan1985,18aug2014
45604,18jan1968,22apr1970
45604,10sep1981,04oct1989
45620,16jan1968,01mar1978
45663,25jul1968,10may1978
45671,26feb1981,24feb2006
45751,06aug1987,31dec2018
45794,02oct2006,26aug2010
45911,12mar2015,31dec2018
45970,11mar1982,19dec1995
46201,15nov1973,29jun1977
46228,20jan1972,23aug1989
46252,12dec1968,09sep1981
46288,20sep1990,13oct1993
46295,09may1974,28jan2000
46391,28sep1972,30jun1976
46391,20oct1983,24jul1985
46447,19aug1971,14sep1983
46544,07may1987,20sep1989
46578,16jan1969,31dec2018
46594,11nov1982,17jun1997
46615,19aug1982,13jul1988
46658,01jul1976,09may1995
46674,15nov1973,31dec2018
46682,22aug1968,28dec1983
46703,25jun1970,11oct1993
46703,20mar2007,31dec2018
46754,08feb1979,25oct1989
46850,01jul1976,13dec2000
46877,12jun1975,02jan2018
46886,15sep1997,31dec2018
46922,11dec1975,26jul2000
47028,02mar1989,23feb1995
47052,28sep1972,30nov1983
47079,01jul1976,07oct1998
47159,10nov1988,31mar2004
47175,11may1989,28mar2008
47271,10dec1987,23dec1997
47300,01jul1976,30dec1993
47386,27mar1969,20sep1972
47466,23nov1984,17dec2010
47482,25jun1970,14jul1971
47490,23nov1984,11dec2000
47562,19mar1970,30jun1976
47626,01jul1976,01mar1994
47837,05may1988,23aug1989
47896,01jul1976,31dec2018
47941,11dec1975,01jun2017
47992,05jun1986,03dec1997
48071,01jul1976,29dec2000
48119,17oct1974,20oct1976
48223,01jul1976,31dec1991
48258,17dec1970,30jun1976
48267,13dec1995,07may2014
48274,03aug1989,12dec2011
48354,01jul1976,03jun1999
48397,01jul1976,29aug2001
48434,21sep1972,18aug1982
48485,01jul1976,31mar2006
48486,05jun2012,31dec2018
48506,27dec1979,31dec2018
48514,11feb1988,28jun2000
48549,23apr1970,09jan1985
48565,20jun1974,16apr1991
48653,08feb1979,05mar1993
48653,01dec1995,31dec2018
48725,16jul1969,31dec2018
48960,11dec1975,27jun2006
49015,01jul1976,31dec2018
49154,09dec1976,31dec2018
49373,28nov1986,31dec2018
49429,02oct1986,21oct2008
49592,19mar1970,30jun1976
49606,01aug1985,02mar1990
49656,31mar1995,31dec2018
49680,31may1973,13aug1975
49680,18nov1998,31dec2018
49744,23apr1970,06jul2001
49905,25oct1984,01dec2008
49920,15jul1971,03mar1982
49955,24jun1971,04oct1978
50017,21dec2007,15jun2018
50024,23apr1987,02nov1998
50032,23nov1984,01jun2006
50156,18sep1986,03jul1995
50200,01oct1993,31aug2001
50227,05mar1970,12feb2010
50403,31may1973,13aug1975
50404,24jun1982,14sep1998
50534,21feb1974,17dec1980
50681,31may1973,30jun1976
50737,26mar1987,02mar1988
50876,19nov1970,31dec2018
50905,26oct1989,31mar1998
50906,02aug1999,29jun2007
50956,01jul1976,24apr1998
51027,31may1973,30jun1976
51043,11aug1988,10sep2008
51263,16nov2007,31aug2009
51369,15nov1999,20dec2013
51377,09dec1976,23sep2011
51561,08feb1979,15mar1989
51588,28jan1998,28feb2001
51596,12dec2000,30may2007
51625,18dec1986,15mar2000
51706,11feb2002,05jul2011
51772,01jul1976,30sep1999
51799,14jan1971,13may1981
51801,31may1973,30jun1976
52038,18dec1986,31dec2018
52062,12apr1984,03dec1986
52070,25jun1981,24oct1984
52090,21mar2003,31dec2018
52230,05dec2000,31dec2018
52329,26oct2007,31dec2018
52337,08feb1979,15apr2016
52476,19jun1997,31dec2018
52505,09jun1988,29dec1995
52564,03may1979,04sep1985
52695,14may1981,31dec2018
52708,04oct2005,31dec2018
52821,23feb1998,17sep1999
52919,08apr1982,31dec2008
52978,13sep1984,31dec2018
53065,30oct1992,31dec2018
53081,01jul1976,10jun1997
53225,31dec2007,26nov2013
53225,29nov2013,19sep2014
53401,25jun1987,15oct1996
53479,09jun1988,29sep2006
53612,21nov1985,29jun2001
53613,27sep1994,31dec2018
53786,14aug1975,30jul1999
53831,31mar1977,18aug2009
53858,01jul1976,30nov1995
53866,06aug2001,08jul2015
53903,01jul1976,22apr1987
53938,05jul1995,31dec1999
54009,22feb1972,27sep1972
54148,12apr1984,31dec2018
54181,14jul1988,14jul2010
54447,17jul1986,19sep1990
54463,04jun1999,03nov2000
54615,01jul1976,10nov1982
54690,17nov2000,07apr2006
54754,26sep1985,10aug1988
54827,01dec1999,09dec2013
55079,08jun1990,19dec1995
55212,03feb1983,12jul1995
55351,16feb1984,09dec1987
55386,14aug1975,10mar1982
55685,13apr1978,13may1981
55976,19aug1982,31dec2018
56012,04mar1976,16nov1977
56098,01jul1976,22nov1978
56186,03feb1983,03oct1984
56223,17oct1974,09nov2006
56232,27sep1994,31dec2008
56266,31may1973,30sep1998
56274,01sep1983,31dec2018
56450,23apr1987,01oct1998
56485,31may1973,08apr1987
56573,13feb1986,31dec2018
56805,01jul1976,22apr1987
56864,21jun1973,30jun1976
56864,17jun1982,30dec1987
57234,12dec1985,23dec1987
57250,01jul1976,03oct1984
57381,13aug1981,16jul1998
57488,06feb1975,23oct1985
57568,04oct1984,31dec2018
57592,25jun1981,12oct1999
57665,03nov1988,31dec2018
57779,12sep1974,26dec1975
57817,07aug1986,31dec2018
57904,28may1999,31dec2018
58085,10dec1981,10feb1988
58093,25oct1984,22apr1987
58094,17jul2002,30nov2006
58246,30jan1998,31dec2018
58296,06feb1975,20oct1995
58318,20dec2006,05nov2008
58413,01feb2016,31dec2018
58464,29oct1981,07nov1984
58472,17apr1991,17jan1994
58480,10oct1985,18dec1996
58596,09aug1984,30nov1989
58640,20nov1980,19jul2002
58659,29dec1975,30jun1976
58683,13jul1994,31dec2018
58819,01jul2016,31dec2018
58827,01jul1976,30sep1998
58990,04may1978,13dec2007
59010,21aug1986,31dec2018
59176,01jul1976,31dec2018
59184,01jul1976,18nov2008
59192,01jul1976,15jan2016
59205,17nov1977,01mar1989
59221,01jul1976,07apr1982
59248,01jul1976,31dec2018
59300,07mar2016,31dec2018
59328,09dec1976,31dec2018
59345,02dec1999,30mar2001
59379,01jul1976,29jun2007
59408,01jul1976,31dec2018
59416,01jul1976,15may1985
59432,01jul1976,27jan1998
59440,01jul1976,22sep2008
59459,01jul1976,31dec2018
59467,21oct1976,30jun1993
59483,01jul1976,31oct1996
59707,25jun1981,01apr1991
59811,02apr1981,02may1984
59926,12jun1986,25sep1998
60046,23oct1986,12sep1997
60097,23oct1986,31dec2018
60206,16sep1982,31dec2018
60337,27dec1984,23aug1989
60441,07aug1997,31may2000
60442,14apr1988,31dec2018
60506,02oct1980,31dec2018
60572,18dec1980,21nov1984
60599,25mar1999,31dec2018
60628,06nov1980,31dec2018
60839,14apr1988,22apr1992
60871,12oct1999,31dec2018
60900,01mar1984,10feb1988
60943,18oct1999,31dec2018
60986,27apr1989,31dec2018
61065,08sep1983,21jul2005
61241,21jun1984,20sep2013
61241,20mar2017,31dec2018
61284,04oct1984,09jan1998
61399,01mar1984,31dec2018
61583,08may1986,22nov2000
61621,01oct1998,31dec2018
61663,20sep1999,20sep2001
61735,23apr1996,31dec2018
61743,24apr1986,17dec2004
61794,17jun1980,02apr1986
61815,08oct2007,31dec2018
61890,10apr1980,22oct1986
61970,29sep1980,07dec1988
62092,02jan1997,31dec2018
62148,06nov1980,31dec2018
62164,09may1985,27mar1996
62252,14apr1988,21dec1998
62308,27apr1989,31dec2018
62324,20aug1987,27may1999
62519,04jan2007,22dec2009
62770,10mar1999,03nov2006
62834,07jul1983,05jun2006
63060,04mar1982,29sep2008
63096,14oct1993,01oct1999
63108,29dec1983,19jul1989
63255,06jul1981,11sep1985
63765,06jun2008,03apr2017
63802,09jan1986,31may1989
63830,01jun2007,29jan2016
63845,06oct1988,14jan1997
64020,16may1985,31dec1996
64064,12sep1985,21oct1993
64186,08apr1982,31dec2018
64207,03may1984,13sep1989
64282,15sep1983,31dec2018
64311,03jun1982,31dec2018
64346,16jun1988,12aug1999
64390,04aug1997,31dec2018
64451,20dec2004,05oct2007
64477,21nov1985,31mar1995
64531,31aug1998,30jun1999
64565,18jun1997,30jun2008
64629,03jan1983,19aug2003
64653,19aug2005,31dec2018
64856,12dec1990,22jun2001
64936,20may1983,31dec2018
64995,02mar1994,31dec2018
65066,08oct1987,31mar1998
65138,28apr1988,30jun2004
65330,24apr2006,01dec2016
65402,26jul2017,31dec2018
65541,23sep2016,31dec2018
65568,05mar1990,16jan1998
65787,30jan1986,20dec2007
65816,28aug1980,19aug1992
65859,01dec1983,08oct1999
65875,01dec1983,31dec2018
65883,01dec1983,03jan2007
65947,30jan2009,31dec2018
66018,01dec1983,14aug1997
66026,01dec1983,31mar1997
66069,29dec1983,21sep1995
66093,01dec1983,31dec2018
66114,18dec1986,28dec2007
66122,01dec1983,05jul2000
66157,23oct1995,31dec2018
66181,03mar1988,31dec2018
66325,01jul1998,30apr2014
66384,01jul2009,31dec2018
66800,14feb1980,31dec2018
67467,20jan1998,13feb2013
67571,13mar1996,30jun1998
67598,31mar2008,31dec2018
68049,14sep1989,31dec1996
68144,05may1988,31dec2018
68304,01jul1998,30may2008
68347,25feb1988,03may2002
68523,14feb1962,12oct1966
68591,01dec1989,04jan2017
68857,20dec2010,23jun2016
69024,03apr1986,11jan1989
69032,22sep1995,31dec2018
69550,23apr2004,31dec2018
69607,16aug1996,21nov2000
69649,20mar2017,31dec2018
69796,05jul2005,31dec2018
70033,31jan2000,31dec2018
70092,08mar1989,18dec2009
70229,25oct1984,07jun2000
70308,09sep2009,20may2016
70332,28jul1997,31dec2018
70376,31jan1985,31dec1996
70500,08oct1998,27may2016
70519,26may1988,31dec2018
70536,21sep1994,18nov2015
70578,12jan1989,31dec2018
71001,06apr1989,30may1996
71175,11mar1994,31dec2018
71298,15nov1993,19jul2002
71563,04dec1997,31dec2018
71686,01mar1999,29oct2004
71765,09jul1987,23may1997
71889,08dec1988,31aug1990
71984,30may1995,30sep1999
72726,15aug1997,31dec2018
73139,12dec2000,31dec2018
73940,11dec2000,09jan2007
74617,01mar1984,29aug1997
75030,01aug1985,09mar1999
75034,09apr1987,31dec2018
75100,21jun2000,31dec2018
75107,31may2018,31dec2018
75154,22dec1998,31dec2018
75175,03dec1996,18dec2009
75181,20aug1987,19jul2002
75186,02jun1997,31dec2018
75224,01feb2006,15mar2017
75241,24sep2008,31dec2018
75257,03jul1995,20dec2011
75333,23nov1993,31mar2006
75341,26jul2017,31dec2018
75423,27oct1988,26feb1999
75489,07oct1998,15sep2017
75510,06may1997,31dec2018
75573,24jun1999,17dec2010
75577,18apr2000,28dec2015
75592,17jan2002,19feb2016
75607,31mar2003,31dec2018
75625,22may1995,03aug2001
75646,10feb1992,20mar2015
75647,29jun1989,21jun1999
75789,02jan1992,10sep2008
75819,04mar2009,31dec2018
75825,02nov2000,31dec2018
75828,22jul2002,31dec2018
75857,31dec1998,01oct2007
75912,01apr1997,29dec2006
76070,06jul1992,16jul1997
76076,31dec1993,31dec2018
76082,23jun2008,31dec2018
76090,08feb1990,28jan2008
76095,30mar2016,31dec2018
76122,05dec1990,25jul1997
76129,02jan1996,27jul2000
76149,13nov1998,26jan2015
76171,01sep1993,17nov2006
76201,08nov1999,31dec2018
76226,30sep1994,31dec2018
76240,15may2002,29apr2010
76282,24feb2003,07aug2017
76285,04sep1990,31dec1991
76512,03apr1995,07dec1999
76557,23apr1992,30dec2005
76563,10jul1998,27may1999
76565,07nov2001,01mar2007
76597,15sep1998,11dec2000
76605,02jan1997,31dec2018
76608,02apr1991,08feb1995
76614,01may2013,31dec2018
76619,30aug2005,08may2013
76624,03aug2001,29jun2007
76625,17nov2008,14oct2011
76638,17dec2001,03mar2009
76639,02jan2008,31dec2018
76644,07may1991,01jul2014
76656,16jun2000,31may2007
76708,09jun2009,28sep2012
76709,05jan2017,31dec2018
76712,02oct1998,31dec2018
76744,23sep2013,31dec2018
76754,12feb1996,28aug1998
76757,11dec2000,10jun2008
76804,19jul1996,30oct2008
76841,13nov2003,31dec2018
76887,02aug1999,04dec2008
77063,28sep1998,08nov2007
77129,03apr2006,31dec2018
77150,03aug2004,09nov2006
77157,01aug1997,08dec2000
77157,02jan2009,01dec2016
77173,12dec2000,20aug2002
77178,22jul1999,31dec2018
77182,19dec2011,31dec2018
77274,01jul2004,31dec2018
77281,03jan2006,28aug2017
77284,01apr1998,12aug2005
77338,23dec2009,31dec2018
77357,16mar2017,31dec2018
77418,04jan1999,19jun2018
77462,01dec1995,31dec2018
77481,26oct1999,24may2012
77496,23dec2013,31dec2018
77546,27sep1994,24sep2007
77605,24feb1995,31dec2018
77606,14aug1998,31dec2018
77644,01apr1996,05jan2000
77659,01oct1999,25jul2017
77661,05jul2005,31dec2018
77668,26sep2003,21dec2018
77702,08jun2000,31dec2018
77730,11aug2005,31dec2018
77768,06jul1992,30oct2018
77976,23dec2008,28feb2011
78034,11oct2005,16mar2018
78083,02oct1998,28dec2004
78139,04jan1999,30dec2011
78263,01oct1998,30jun2004
78788,16aug1996,17dec1997
78840,01dec2006,20aug2008
78877,03mar2006,16mar2018
78916,12apr1999,31dec2018
78927,23mar2007,27mar2009
78946,13jul1993,30may1997
78968,08oct1990,01aug1997
78975,11dec2000,31dec2018
78987,07sep2007,31dec2018
79041,08mar1993,31aug1993
79057,30jan2002,17jul2008
79057,15jul2010,31dec2018
79089,04apr2012,04jan2016
79094,30jan2001,04nov2014
79103,27mar2009,31dec2018
79108,21jun2000,29jun2007
79119,18apr1994,18jul1996
79129,02jul2007,12nov2008
79129,10dec2013,27aug2018
79145,05dec2014,31dec2018
79212,29dec2004,25jun2010
79237,31dec1999,18dec2008
79237,29oct2013,25jul2017
79250,06jul1992,01oct1998
79265,02jan2009,31dec2018
79323,13jul1995,31dec2018
79411,05oct2012,11mar2015
79545,19dec2011,31dec2018
79547,03dec2001,31dec2018
79588,24mar2014,04mar2016
79637,22sep2014,31dec2018
79678,31aug2015,31dec2018
79698,05apr2017,31dec2018
79718,29jun2000,03jan2006
79764,12oct1993,20may1998
79782,02mar2017,31dec2018
79879,27jul2000,20dec2013
79881,08feb2010,17mar2017
79906,28feb2017,31dec2018
79915,20dec2010,31dec2018
79973,27apr1998,31jul2006
80055,03apr2000,01jul2005
80080,04jan1994,31dec2018
80094,06apr1994,29jun1999
80100,26jun2002,31dec2018
80183,02dec2016,31dec2018
80191,01jul2016,31dec2018
80204,02jul2014,31dec2018
80266,12dec2000,14jan2011
80286,24jan2014,31dec2018
80303,01jul2008,16dec2011
80320,02jul2018,31dec2018
80381,10jan2007,31dec2018
80399,09may2013,31dec2018
80406,17jul2003,02jun2011
80410,18mar1994,10aug1998
80411,01jul1976,28feb1979
80470,16nov1999,25sep2003
80506,12jun1998,24jun1999
80515,01feb2002,21feb2003
80539,19mar2018,31dec2018
80599,12jan1998,16sep2008
80678,22jan1996,12nov1999
80681,02apr2014,31dec2018
80694,03oct1994,05may1997
80711,14mar2003,31dec2018
80913,02apr2004,05feb2010
81045,07apr2015,31dec2018
81055,01jul1998,31dec2018
81061,13jan1999,31dec2018
81126,19dec1996,21apr2006
81138,15may2002,28jun2013
81193,01feb1995,12jun2000
81262,25mar2004,22mar2007
81285,13may2002,05jun2008
81481,19dec2011,31dec2018
81540,30aug2001,31dec2018
81593,02jul1997,29sep2008
81655,30may1995,31dec2018
81696,13mar2017,31dec2018
81736,26jul2017,31dec2018
81774,31jul1995,31dec2018
81776,31may2007,16dec2011
81857,29jan2008,01apr2016
81910,21aug2008,31dec2018
82196,02apr2009,20mar2015
82298,26feb2009,30sep2016
82303,19jun2017,31dec2018
82307,31jul2008,31dec2018
82308,16oct1996,14jul2000
82309,01nov1995,12jun1998
82581,18mar2015,31dec2018
82598,25jun1999,31dec2018
82618,20apr2006,12may2016
82642,05jan2006,31dec2018
82643,13aug1999,28sep2012
82647,03nov1995,31mar2000
82651,02jan2002,31dec2018
82686,01dec1999,31dec2018
82705,06apr1989,29oct1992
82775,20dec1995,31dec2018
82776,20dec1995,20feb1998
82959,18aug1995,08feb2002
83111,25may2012,31dec2018
83143,06jan2009,31dec2018
83332,01oct1996,30nov2006
83413,05may2000,10may2002
83421,03apr2006,23may2013
83435,08dec1999,16jun2017
83440,08apr1998,01dec2000
83443,16feb2010,31dec2018
83462,31may1996,24mar2004
83583,09jun1999,30nov2004
83596,11aug1998,26aug2008
83601,14jul1988,17dec2004
83621,19jun2017,31dec2018
83630,06nov2000,31aug2001
83693,05may2000,31jan2006
83699,29oct2007,21dec2012
83862,01apr2004,31dec2018
83906,19nov2008,30nov2018
83976,29mar2007,20dec2013
83981,01dec2000,01dec2005
83988,30sep1996,31mar1998
84001,07feb2001,28mar2007
84020,01nov1996,26feb2010
84032,14mar2005,31dec2018
84036,16mar2000,30mar2007
84129,25jun2001,31dec2018
84176,20dec2005,30jun2008
84342,04jun2001,16dec2011
84372,03jan2000,28sep2007
84373,12dec2002,31dec2018
84375,12dec1996,04nov1999
84381,09dec1996,31dec2018
84519,30aug2001,18dec2009
84761,19mar2018,31dec2018
84767,20mar2017,31dec2018
84769,30sep2008,31dec2018
84788,21nov2005,31dec2018
85032,06jul2000,31mar2011
85035,12jun2015,31dec2018
85058,03apr2006,31dec2018
85072,02feb2007,31dec2018
85073,11jun1997,30sep2005
85238,10oct2001,09feb2007
85257,23sep2013,31dec2018
85265,23mar2015,31dec2018
85269,29apr2004,31dec2018
85271,09jul2007,03mar2009
85348,07oct1997,31dec2018
85459,02mar2007,31dec2018
85516,23oct2000,11mar2005
85522,02jan2001,17may2006
85592,03jun2011,31dec2018
85593,01jul2014,31dec2018
85599,17jul2000,01jun2001
85621,06sep2016,31dec2018
85631,21dec1989,31dec2018
85663,22sep2014,31dec2018
85675,02dec2016,10oct2018
85753,01feb2006,31dec2018
85792,01jul2009,31dec2018
85869,22jul1996,06aug1999
85908,01apr1998,08dec2000
85913,21may1998,31dec2018
85914,30jun1999,31dec2018
85926,01apr1998,31dec2018
85963,03jul2000,29jan2016
85991,05nov2014,12oct2017
86021,01dec2004,31dec2018
86041,06jan2000,02oct2000
86102,16apr2003,31dec2012
86111,19nov2007,31dec2018
86136,30jun1998,31dec2018
86158,17nov2006,31dec2018
86176,03oct2000,17dec2010
86228,05dec2008,31dec2018
86239,01mar1957,19jan1972
86305,13jun2000,18dec2009
86314,04sep2001,14sep2018
86326,29sep1999,09oct2001
86339,14mar2012,31dec2018
86356,22jul2002,31dec2018
86414,24nov1998,22apr2004
86496,31jan2000,25jun2002
86580,30nov2001,31dec2018
86591,28may1999,10oct2005
86725,24nov2008,23jan2014
86756,14may2001,26feb2010
86783,06nov2009,31dec2018
86799,28jun2006,03mar2016
86845,06jun2006,28mar2008
86868,22jul2002,31dec2018
86946,04sep2002,25jul2017
86964,20dec2010,31dec2018
86976,15jan1997,24jul2002
86979,02jun2006,31dec2018
86996,01sep2017,31dec2018
87029,09aug1999,30aug2002
87055,22oct1993,31dec2018
87070,15feb2007,02nov2015
87127,24aug1989,15oct1999
87137,30aug2000,31dec2018
87184,27jul2009,31dec2018
87267,04apr2011,31dec2018
87292,05nov1999,16nov2010
87299,12jul2007,31dec2018
87432,05jun2000,31dec2018
87447,22jul2002,31dec2018
87536,28jun2001,28apr2004
87541,26jul2017,31dec2018
87657,01apr2011,31dec2018
87717,10oct2007,31dec2018
87800,28jul2000,13aug2002
87842,11dec2000,31dec2018
88031,29jun2012,31dec2018
88313,13jul2000,22nov2011
88319,29jun2000,30dec2005
88352,02jun2008,31dec2018
88388,15jun1998,15jun2000
88436,27jan2015,01mar2017
88446,19nov2015,31dec2018
88587,02oct2000,25oct2007
88590,02dec2008,04apr2017
88601,03apr2001,16jul2003
88661,01sep2004,31dec2018
88664,13nov2018,31dec2018
88668,14aug2002,06jun2018
88837,12dec2012,31dec2018
88845,14dec2000,30nov2018
88853,22dec2000,31dec2018
88860,19jun2017,31dec2018
88873,25apr2016,31dec2018
88991,20nov2006,19sep2014
89001,09jul2001,26oct2004
89002,23dec2013,31dec2018
89003,10nov2006,31dec2018
89004,05jun2009,13jan2017
89006,02apr2007,31dec2018
89014,02jul2001,30nov2018
89017,05jan2016,31dec2018
89070,07aug2001,31dec2018
89071,06jul2011,31dec2018
89105,28feb2011,07oct2015
89179,25jul2002,31dec2018
89195,22jul2002,31dec2018
89216,03may2016,15jun2018
89217,09jul2015,31dec2018
89258,22jul2002,31dec2018
89269,30mar2016,31dec2018
89301,14dec2007,22apr2016
89392,09feb1989,15nov1999
89393,20dec2010,31dec2018
89463,27oct2004,24jul2009
89495,21aug2002,01apr2004
89508,28jun2010,31dec2018
89509,23jun2014,31dec2018
89525,19nov2002,31dec2018
89533,14nov2008,31dec2018
89565,21sep2015,11dec2015
89617,23mar2015,31dec2018
89626,11aug2006,31dec2018
89641,02jul2012,31dec2018
89757,28mar2005,04sep2012
89813,20aug2003,03apr2012
89866,23may2016,31dec2018
89954,04dec2006,28jul2015
90038,10apr2007,31dec2018
90071,29jan2010,31dec2018
90110,03may2004,02sep2015
90162,02dec2005,17nov2015
90199,10nov2006,31dec2018
90215,15sep2008,31dec2018
90272,17sep2018,31dec2018
90305,19jan2016,31dec2018
90319,03apr2006,31dec2018
90352,03oct2000,18dec2009
90373,18may2016,31dec2018
90386,26sep2011,31dec2018
90435,03dec2004,01dec2006
90441,20dec2004,31dec2018
90442,21sep2015,31dec2018
90520,24dec2018,31dec2018
90537,16jan2001,26mar2009
90537,18jan2011,17jul2015
90547,02jun2011,01oct2012
90601,22oct2008,31dec2018
90609,01nov1991,27apr2011
90721,23jan1986,26may1995
90805,01mar2010,31dec2018
90808,02oct2007,31dec2018
90829,27aug2008,31dec2018
90880,03oct2005,31dec2018
90979,01may2014,31dec2018
90993,26sep2007,31dec2018
91063,03jan2006,31dec2018
91068,28apr2011,31dec2018
91103,03sep2015,31dec2018
91143,25oct2007,12nov2013
91152,03jun2016,31dec2018
91207,10apr2006,22sep2016
91218,18may2006,30jun2009
91233,18jul2008,31dec2018
91380,08jan1987,31jan2006
91388,01aug2006,09apr2007
91391,18jul2006,06apr2015
91392,01aug2006,30may2018
91416,23mar2015,31dec2018
91461,02oct2006,31dec2018
91547,21dec2009,20sep2013
91556,21dec2009,31dec2018
91611,16oct2009,17mar2017
91650,03jan2007,27feb2017
91668,07mar2018,31dec2018
91849,18jun2018,31dec2018
91883,30mar2009,17may2016
91926,11sep2013,31dec2018
91937,30jun2009,30apr2013
92121,02jul2007,31dec2018
92156,02jul2007,04jun2009
92156,01mar2011,26jan2015
92157,02jul2007,25jun2009
92157,17oct2011,31dec2018
92239,22feb2016,31dec2018
92293,01oct2007,16jun2017
92322,18apr2016,31dec2018
92402,04apr2018,31dec2018
92602,31mar2008,31dec2018
92611,21dec2009,31dec2018
92614,04mar2016,31dec2018
92618,07oct2008,29jun2018
92655,01jul1994,31dec2018
92709,01jul2008,06mar2018
92772,13may2016,13may2016
92778,07aug2014,31dec2018
92890,21dec2009,16jun2017
92988,01sep2009,17mar2015
93002,08may2014,31dec2018
93089,08oct2015,31dec2018
93096,03dec2012,31dec2018
93132,11oct2018,31dec2018
93159,31jul2012,29mar2016
93422,01jul2010,30jun2015
93429,01mar2017,31dec2018
